Course ID,Date Added,Collection Language,Course Title,Category,Subcategory
4134980,2022-01-07,DE,"Englisch B2 - Vokabular, Grammatik und mehr!",Personal Development,Language Learning
1428694,2022-01-31,EN,Apple Mac Basics - The Complete Course for beginners,Office Productivity,Email & Productivity
3587022,2022-01-31,EN,Finish Your Research Proposal & Get Your Research Approved,Leadership & Management,Communication
1909536,2022-01-31,EN,Build Remote Procedure Calls (RPC) - from scratch in C,IT Operations,Operating Systems & Servers
4212154,2022-01-31,EN,Shopify Theme Development: Online Store 2.0 + TailwindCSS,Development,Web Development
4460318,2022-01-31,EN,Databricks Certified Associate Developer - Apache Spark 2022,IT Operations,IT Certifications
4507878,2022-01-31,EN,Bug Bounty - An Advanced Guide to Finding Good Bugs,IT Operations,Network & Security
4215896,2022-01-31,EN,Practical Phishing Assessments,IT Operations,Network & Security
4239746,2022-01-30,EN,"DoubleClick Campaign Manager (CM360) - Step by Step Tutorial
",Marketing,Digital Marketing
4347700,2022-01-30,EN,Mainframe DB2 Developer Training By Anil Polsani,Development,Development Tools
3711944,2022-01-29,EN,Investment Funds in Canada (IFC /IFIC) Tutorials,Finance & Accounting,Investing & Trading
3888936,2022-01-29,EN,Intro to Augmented Reality on the Web: WebXR and Three.js,Development,Web Development
1501104,2022-01-29,EN,JavaScript: The Advanced Concepts (2022 Update),Development,Programming Languages
3144412,2022-01-29,EN,The Ultimate Guide to Thinking Skills,Personal Development,Personal Growth
3925774,2022-01-29,EN,React & TypeScript Chrome Extension Development [2022],Development,Web Development
4108066,2022-01-29,EN,Duolingo English Test,Personal Development,Language Learning
4225152,2022-01-28,EN,Build a Chatbot on Salesforce using Einstein Bots,Development,Web Development
2508952,2022-01-28,EN,Healthcare 4.0 - Healthcare in the Industry 4.0,Leadership & Management,Strategy
965162,2022-01-28,EN,OOP Object Oriented Programming In PHP 7,Development,Programming Languages
4387504,2022-01-28,EN,"Recruitment, Interviewing, and Emotional Intelligence",Leadership & Management,Management
4516580,2022-01-28,EN,Get Amazing Results from Your Conversations at Work,Leadership & Management,Communication
2364336,2022-01-28,EN,SQL - The Query Writing Bootcamp [2019],Development,Database Design & Development
2467958,2022-01-28,EN,Learn Python Requests,Development,Web Development
1750606,2022-01-28,EN,Linux Master Class : Skill up to become a Linux professional,IT Operations,Operating Systems & Servers
2605732,2022-01-28,EN,Zero to Hero in Microsoft Excel: Complete Excel guide 2022,Office Productivity,Spreadsheets
3906218,2022-01-28,EN,Introduction to Online Community Management,Marketing,Digital Marketing
4261588,2022-01-27,EN,Microsoft Power Automate for Power Apps developers,Office Productivity,Collaboration
2849026,2022-01-27,EN,Learn Embarcadero Borland C++ Builder in 1 hour,Development,Programming Languages
1524500,2022-01-27,EN,Learn the ART of Substance Painter,Design,3D & Animation
4438776,2022-01-26,EN,PL-200: The follow-up Power Platform course to the PL-100,IT Operations,IT Certifications
2911510,2022-01-26,EN,KNX/ETS-Primer,IT Operations,Network & Security
4252046,2022-01-26,EN,Azure Databricks administration - ETL Workflow,IT Operations,IT Certifications
4464944,2022-01-26,EN,TOTAL: CompTIA Network+ (N10-008),IT Operations,IT Certifications
4069966,2022-01-26,EN,Ultimate Rust 2: Intermediate Concepts,Development,Programming Languages
189894,2022-01-26,EN,Build a Forensic Virtual Machine,Development,Software Testing
569154,2022-01-26,EN,How to Become a Programmer,Development,Programming Languages
4404930,2022-01-26,EN,Automated Software Testing with Playwright,Development,Software Testing
4272030,2022-01-26,EN,Let's Build a Go version of Laravel,Development,Web Development
1611012,2022-01-26,EN,Start-up valuation modeling for entrepreneurs and investors,Personal Development,Entrepreneurship
3439724,2022-01-26,EN,Master Python programming by solving scientific projects,Development,Programming Languages
3362814,2022-01-25,EN,Practice Bold Allyship and End Racism in the Workplace,Leadership & Management,Diversity Equity & Inclusion
3891360,2022-01-25,EN,Curso Completo de Edição de Vídeos no Celular Avançado,Design,Design Tools
4466266,2022-01-25,EN,Data Literacy for Business Professionals,Leadership & Management,Strategy
3770038,2022-01-25,EN,The Complete Modern OpenGL and GLSL Shaders Course for 2021,Development,Game Development
1669328,2022-01-25,EN,Practical OpenGL and GLSL shaders fundamentals with C++,Development,Game Development
4211028,2022-01-24,EN,Symfony 5 - The complete Guide for Beginners,Development,Web Development
4419806,2022-01-24,EN,"CASP+ (CAS-004) Complete Course & Full-Length Practice Exam
",IT Operations,IT Certifications
4339568,2022-01-24,EN,Configuring and Operating MS Azure Virtual Desktop (AZ-140),IT Operations,Cloud Certification
2694050,2022-01-24,EN,COBIT 2019 Foundation Practice Test (390+ Questions),IT Operations,IT Certifications
3663114,2022-01-24,EN,Mastering 4 critical SKILLS using Python	,IT Operations,IT Certifications
1242062,2022-01-24,EN,Calculus 1 Mastered,Data Science,Analytics
3269868,2022-01-24,EN,Data Warehousing and SQL End to End,IT Operations,Database Administration
353448,2022-01-23,EN,The Feng Shui Bagua: A Master Class with James Jay,Personal Development,Hobbies
1211386,2022-01-23,EN,Step by Step Mobile Phone Travel Videos,Design,Design Tools
40393,2022-01-22,EN,Feng Shui The Easiest Way,Personal Development,Hobbies
2347294,2022-01-22,EN,SAP MM Consignment and Pipeline Procurement,Sales,Customer Success & Service
740562,2022-01-22,EN,SEO 2022: Complete SEO Training + SEO for WordPress Websites,Marketing,Search Engine Optimization
4452642,2022-01-22,EN,"XPath, CSS Selector, Web,DOM, SelectorsHub & TestCase Studio",Development,Software Testing
4244194,2022-01-21,EN,Learn SAP® BTP,Development,Development Tools
3155154,2022-01-21,EN,JMP Training for Statistics & Data Visualization,IT Operations,Statistical Analysis
4406786,2022-01-21,EN,"MERN Stack Course 2022 - MongoDB, Express, React and NodeJS",Development,Web Development
3952556,2022-01-21,EN,Piping Design Engineering & Piping Isometrics Masterclass,IT Operations,Hardware
4200932,2022-01-21,EN,Unreal Engine 5 (UE5): Complete Beginners Course [OCT 2021],Development,Game Development
4149432,2022-01-21,EN,Unreal Engine 5 Beginner Blueprints: Make your first game!,Development,Game Development
3408682,2022-01-21,EN,Advanced C Programming Masterclass: Pointers & Memory in C,Development,Programming Languages
4442636,2022-01-21,EN,Introduction to Bitcoin & Crypto Assets,Finance & Accounting,Finance Fundamentals
3770560,2022-01-20,EN,Learn Tableau & Ace the Tableau Certified Data Analyst Exam,Data Science,Analytics
3988468,2022-01-20,EN,SOLIDWORKS Academy: A Comprehensive Course on SolidWorks.,Design,3D & Animation
4372184,2022-01-20,EN,Advanced DAX for Excel Power Pivot,Data Science,Analytics
4099146,2022-01-20,EN,Microservices Development Revolution with .Net5 and Dapr,Development,Development Tools
4413368,2022-01-19,EN,"Mastering of Python Script for System Administrator",Development,Development Tools
3842940,2022-01-19,EN,Embedded Linux using Yocto Part 4,IT Operations,Operating Systems & Servers
3653898,2022-01-19,EN,Embedded Linux using Yocto Part 3,IT Operations,Operating Systems & Servers
3476258,2022-01-19,EN,Embedded Linux Using Yocto Part 2,IT Operations,Operating Systems & Servers
2716980,2022-01-19,EN,"Next Level CSS Creative Hover & Animation Effects",Design,Web Design
2836726,2022-01-19,EN,Introduction to Fortigate Firewall,IT Operations,Network & Security
4448678,2022-01-19,EN,The Swift Arcade Professional iOS Development Course - UIKit,Development,Mobile Development
1582578,2022-01-19,EN,American Accent Made Easy - Mastering the American Accent,Personal Development,Language Learning
327666,2022-01-19,EN,Complete Beginner's Guide to Digital Art,Design,Graphic Design
4400536,2022-01-18,EN,Digital Marketing Course For Managers & Entrepreneurs,Marketing,Digital Marketing
4171800,2022-01-18,EN,SAP EWM - SAP Extended Warehouse Management,IT Operations,Operating Systems & Servers
4405234,2022-01-18,EN,WannaBeA SSCP,Cloud Computing,Cloud Certification
4324600,2022-01-18,EN,WannaBeA CCSP,Cloud Computing,Cloud Certification
1287612,2022-01-18,EN,End-To-End BDD Framework -Selenium|Java|Cucumber|GIT|Jenkins,Development,Software Testing
3701534,2022-01-18,EN,The Ultimate Swagger Tools Course: Build OpenAPI with Ease,Development,Software Engineering
4271522,2022-01-18,EN,Solidity & Ethereum in React (Next JS): The Complete Guide,Development,Database Design & Development
4430288,2022-01-18,EN,Full-Stack Data Scientist A-Z™ BootCamp,Data Science,Analytics
4329888,2022-01-18,EN,Modern GraphQL with Node - Complete Developers Guide,Development,Web Development
74772,2022-01-16,EN,"Value Centric Selling - How to Sell on Value, Not Price",Sales,Sales Skills & Tools
2613218,2022-01-18,EN,Cisco CCNP Enterprise ENWLSD 300-425 Course with Labs ENWLSD,IT Operations,Network & Security
2532450,2022-01-18,EN,"Cisco WLC Training ( Install , Configure , Maintain ) ENWLSI",IT Operations,Network & Security
4039556,2022-01-18,EN,DevOps Beginners to Advanced | Decoding DevOps with Projects,Development,Development Tools
4341378,2022-01-17,EN,Build Modern Android App with REST API and Ktor Server,Development,Mobile Development
2080118,2022-01-17,EN,Build Microservices with .NET & Amazon Web Services,Development,Software Engineering
4433738,2022-01-17,EN,Fortigate Firewall Administration Course,IT Operations,Network & Security
4136098,2022-01-17,EN,Playwright with Python for Web Automation Testing,Development,Software Testing
3404110,2022-01-16,EN,Apache Airflow: The Operators Guide,Development,Web Development
4165802,2022-01-15,EN,The Neuroscience of Sleep and Dreams,Personal Development,Personal Growth
2365872,2022-01-15,EN,Marketing Analytics: Forecasting Models with Excel,Marketing,Marketing Analytics & Automation
400282,2022-01-15,EN,Sales Forecasting,Sales,Sales Skills & Tools
3585042,2022-01-14,EN,Master Agile Estimation: Top Techniques for Scrum & Kanban,Project Management & Operations,Agile & Scrum
4408262,2022-01-14,EN,"Build A Strong Relationship With Your Manager
",Leadership & Management,Leadership
4373264,2022-01-14,EN,"The Accountability Bootcamp for Managers
",Leadership & Management,Management
3901012,2022-01-14,EN,Business Intelligence with Power BI Desktop,Office Productivity,Analytics
1346516,2022-01-14,EN,Microsoft Excel Data Analysis and Dashboard Reporting,Office Productivity,Database Administration
2734336,2022-01-14,EN,Project Finance Overview - from Inception to Financial Close,Finance & Accounting,Financial Modeling & Analysis
4461560,2022-01-13,EN,Keep Moving Forward Seminar,Personal Development,Personal Growth
4320094,2022-01-13,EN,SAP WM : Warehouse Management (Beginning to Advanced),IT Operations,Operating Systems & Servers
1541872,2022-01-13,EN,MetaTrader 5: A Forex Trading Platform for Everyone,Finance & Accounting,Investing & Trading
4003258,2022-01-13,EN,Praxistests | ISTQB Foundation Level Zertifizierung,IT Operations,IT Certifications
3795590,2022-01-13,EN,Complete Terraform Course - Beginner to Advanced [2021],Cloud Computing,Cloud Development
3900570,2022-01-13,EN,Active Directory Pentesting Full Course - Red Team Hacking,IT Operations,Network & Security
4342206,2022-01-12,EN,AZ-305 Exam Prep: Designing Azure Infrastructure Solutions,Cloud Computing,Cloud Certification
3836432,2022-01-12,EN,Complete Electronics Hardware Design Course 2021 -EsteemPCB,IT Operations,Hardware
3969182,2022-01-12,EN,Python Programming Master Course (2022),Development,Programming Languages
1941072,2022-01-12,EN,Oracle BPM 12c for Beginners (step-by-step),Development,Web Development
4463850,2022-01-12,EN,CompTIA PenTest+ (PT0-002) Practice Certification Exams,IT Operations,IT Certifications
4397344,2022-01-12,EN,CASP+ (CAS-004) Full-length Practice Certification Exams,IT Operations,IT Certifications
2418196,2022-01-12,EN,Workplace Praise: Leaders Powerful Motivational Tool,Leadership & Management,Management
3135038,2022-01-12,EN,Improve your Business English: English for Presentations,Personal Development,Language Learning
1935180,2022-01-12,EN,Be a better UX designer by understanding development aspects,Design,User Experience Design
4424420,2022-01-12,EN,Metaverse Masterclass- Learn Everything about the Metaverse!	,Finance & Accounting,Finance Fundamentals
4410596,2022-01-12,EN,Build FoodPanda & Uber Eats Clone App with Admin WEB Portal,Development,Mobile Development
950214,2022-01-12,EN,Project Programme and Portfolio Governance	,Project Management & Operations,Project Management Fundamentals
4253526,2022-01-11,EN,Build Amazing Apps With ANGULAR and ASP.NET Core Web API,Development,Web Development
1926390,2022-01-11,EN,Selenium IDE - Basic of Test Automation + WebDriver locators,Development,Software Testing
4167254,2022-01-11,EN,PRTG Network Monitoring Course with LAB,IT Operations,Network & Security
4176106,2022-01-11,EN,ManageEngine OPManager Plus Network Monitoring Course,IT Operations,Network & Security
4189592,2022-01-11,EN,Build VMware vSphere LAB VCP Home Lab by VMware Workstation,IT Operations,IT Certifications
4266164,2022-01-11,EN,VMware vSAN: Deploy and Manage V7,IT Operations,Operating Systems & Servers
4176082,2022-01-11,EN,Active Directory & Group Policy Lab 2019,IT Operations,Operating Systems & Servers
3809336,2022-01-10,EN,"Mental Health First Aid Skills -",Personal Development,Stress Management
4090568,2022-01-10,EN,Mastering Microsoft Azure: Advanced Services,IT Operations,IT Certifications
2863390,2022-01-10,EN,Test Driven Development (TDD) - Beginners Essentials course,Development,Software Testing
3765070,2022-01-10,EN,Mastering Bitbucket Pipelines for CI and CD,IT Operations,IT Certifications
4132898,2022-01-10,EN,Tricentis Tosca Automation tool(From beginner to Advance),IT Operations,IT Certifications
3516002,2022-01-08,EN,"JBOSS EAP 7.3, Master Course - Project Based & Real Time",Development,Development Tools
2912472,2022-01-07,EN,APIs with Postman for Absolute Beginners,Development,Web Development
3735400,2022-01-07,EN,"Mastering BIND DNS",IT Operations,Network & Security
1188846,2022-01-07,EN,2D Game Artist: Learn GIMP For Game Art,Development,Game Development
3740582,2022-01-07,EN,"The Complete Java Development Bootcamp
",Development,Programming Languages
4397644,2022-01-07,EN,2022 Python Data Analysis & Visualization Masterclass,Development,Development Tools
3783522,2022-01-07,EN,Technical Analysis with Python for Algorithmic Trading,Development,Programming Languages
4007248,2022-01-07,EN,"API Crash Course: What is an API, how to create it & test it",Development,Software Engineering
3550066,2022-01-06,EN,E-Commerce,Personal Development,Entrepreneurship
3639976,2022-01-06,EN,"High-Level Synthesis for FPGA, Part 2 - Sequential Circuits",IT Operations,Hardware
4166516,2022-01-05,EN,Linear Algebra and Geometry 2,Development,Programming Languages
4025832,2022-01-06,EN,Linear Algebra and Geometry 1,Development,Programming Languages
2771350,2022-01-06,EN,Learning to Learn [Efficient Learning]: Zero to Mastery,Personal Development,Personal Growth
4331022,2022-01-05,EN,Learn To Build Powerful AI Chatbots From Scratch Using RASA,Development,Development Tools
4397122,2022-01-05,EN,SC-300: Microsoft Identity and Access Administrator,IT Operations,IT Certifications
4284660,2022-01-05,EN,SC-400 Course Microsoft Information Protection Administrator,IT Operations,IT Certifications
4015948,2022-01-04,EN,Unofficial - Linux Redhat Certified Administrator (RHCSA 8),IT Operations,IT Certifications
3970438,2022-01-04,EN,The Swift Arcade Data Structures and Algorithms Bootcamp,Development,Programming Languages
4473978,2022-01-04,EN,Business Presentation Skills for Nonnative English Speakers,Leadership & Management,Communication
4373776,2022-01-04,EN,"Sales Job Interview Masterclass - Ace Your Sales Interview!",Workplace & Human Resources,Talent Management
4375894,2022-01-04,EN,Clickup - The Intermediate to Advanced Training Course,Project Management & Operations,Project Management Tools
3765160,2022-01-04,EN,Asana - Project Management - Intermediate to Advanced,Project Management & Operations,Project Management Tools
2488654,2022-01-04,EN,"The Complete 2021 PHP Full Stack Web Developer Bootcamp",Development,Web Development
4341188,2022-01-03,EN,Django 4 and Python Full-Stack Developer Masterclass,Development,Web Development
3821964,2022-01-03,EN,C# Interview Questions with Answers,Development,Web Development
1340852,2022-01-03,EN,Introduction to the AWS Command Line Interface (CLI),Cloud Computing,Cloud Certification
3617438,2022-01-03,EN,Financial Reporting w/Power BI,Data Science,Analytics
4299789,2022-01-03,EN,Power BI: Advanced Data Transformations and Modeling,Data Science,Analytics
4194204,2022-01-03,EN,Mastering DAX Calculations in Power BI,Data Science,Analytics
4267736,2022-01-02,EN,AWS Networking Design - In Depth,IT Operations,Network & Security
4362282,2022-01-31,ES,"Curso Testing para Android con JUnit, Mockito, Espresso, TDD",Development,Software Testing
2562684,2022-01-28,ES,ESPAÑOL - Curso Huawei HCIA Routing & Switching ENTRY,IT Operations,Network & Security
3132710,2022-01-28,ES,Curso completo del lenguaje Rust,Development,Programming Languages
4187290,2022-01-18,ES,"Master: Katalon Studio Test QA Automation (En Español)",Development,Software Testing
4164286,2022-01-18,ES,Analista certificado en Microsoft PowerBI DA-100 Teoría Test,IT Operations,IT Certifications
3886800,2022-01-18,ES,Angular: Pruebas unitarias con Jest,Development,Software Testing
4189168,2022-01-18,ES,Python TOTAL - Programador Avanzado en 16 días,Development,Programming Languages
2882628,2022-01-11,ES,Curso de Odoo 12 | 13 | 14 Funcional Módulo de CRM,IT Operations,Network & Security
3821314,2022-01-07,ES,Project Management Course: Master Project Scope Management,Project Management & Operations,Project Management Fundamentals
3284768,2022-01-06,ES,Forecasting y gestión de demanda usando Excel y R,Sales,Sales Skills & Tools
376328,2022-01-26,IT,5 principi per realizzare e tenere presentazioni persuasive,Leadership & Management,Communication
795804,2022-01-26,IT,Responsive Web Design - Il Corso Completo,Development,Web Development
874268,2022-01-26,IT,Come usare Bootstrap per sviluppare un sito web,Development,Web Development
1131984,2022-01-26,IT,Laravel (8): La guida pratica al framework php più usato,Development,Web Development
1230678,2022-01-26,IT,Wordpress. Base ed Avanzato,Development,Web Development
1274448,2022-01-26,IT,"IOS , XCODE e SWIFT  : Sviluppo di app per principianti",Development,Mobile Development
1315982,2022-01-26,IT,Corso di Excel e VBA: Codici a Barre e Automazione,Office Productivity,Spreadsheets
1350264,2022-01-26,IT,Android O: Sviluppa App da zero con Firebase,Development,Mobile Development
1394850,2022-01-26,IT,"Impariamo da zero SQL con Oracle, SQL Server e MySQL",Development,Database Design & Development
1424524,2022-01-26,IT,Unreal Engine 4 - Impara a creare un videogame,Development,Game Development
1445508,2022-01-26,IT,Master in Android Development: Diventa un App Developer,Development,Mobile Development
1585860,2022-01-26,IT,React e Redux: Sviluppa applicazioni da zero,Development,Web Development
1594932,2022-01-26,IT,"Creare Cloud Ready App con Spring Cloud, Docker e Kubernetes",Development,Web Development
1674398,2022-01-26,IT,Corso Completo di Web Marketing: Quello che Non Ti Aspettavi,Marketing,Digital Marketing
1689216,2022-01-26,IT,Corso base per macOS,Office Productivity,Operating Systems
1691738,2022-01-26,IT,BITCOIN ETHEREUM E BLOCKCHAIN IMPARA DA ZERO™ QUI (ITA),Finance & Accounting,Investing & Trading
1715732,2022-01-26,IT,"GDPR pratico: Wordpress, Woocommerce e MailChimp",IT Operations,Network & Security
1783532,2022-01-26,IT,CORSO COPYWRITING: SCRIVERE PER  VENDERE,Marketing,Content Marketing
1805310,2022-01-26,IT,Parlare in pubblico in 4 mosse,Personal Development,Personal Growth
1881602,2022-01-26,IT,Guida per Ottimizzare un SITO WEB con Tecniche e Analisi SEO,Marketing,Search Engine Optimization
1900468,2022-01-26,IT,"Corso React con Redux toolkit, hooks e Laravel come backend",Development,Web Development
1946258,2022-01-26,IT,Canva: Innamorati della tua comunicazione con un tool super!,Design,Graphic Design
2285161,2022-01-26,IT,Corso rapido su Luminar 3 da zero! In Italiano,Design,Design Tools
2305794,2022-01-26,IT,CONTENT MARKETING 2021 - Corso completo,Marketing,Content Marketing
2307226,2022-01-26,IT,"Instagram, il corso completo 2022 per imprese locali",Marketing,Social Media Marketing
2342866,2022-01-26,IT,Impara il C++ creando giochi in un'ora!,Development,Programming Languages
2354558,2022-01-26,IT,VBA - La Guida Completa,Office Productivity,Spreadsheets
2485346,2022-01-26,IT,Rispetta il GDPR col tuo sito Wordpress,Development,Web Development
2581330,2022-01-26,IT,Linux: Teoria e Pratica,IT Operations,Operating Systems & Servers
2600362,2022-01-26,IT,Corso introduttivo di programmazione in Scala,Development,Programming Languages
2675932,2022-01-26,IT,Uso pratico del computer,IT Operations,Network & Security
2743776,2022-01-26,IT,Impara le basi della programmazione con Python,Development,Programming Languages
2792586,2022-01-26,IT,Pillole di comunicazione aziendale,Leadership & Management,Communication
2799700,2022-01-26,IT,EMAIL MARKETING CON GET RESPONSE: LA GUIDA COMPLETA™,Marketing,Content Marketing
2825973,2022-01-26,IT,2022 - Corso Professionale Agile Scrum e Scrum Master,Project Management & Operations,Project Management Certifications
2829784,2022-01-26,IT,Meditazione e Mindfulness: Facile Corso Teorico-Pratico,Personal Development,Stress Management
2841612,2022-01-26,IT,"ActiveCampaign - il corso completo, da zero ad avanzato",Marketing,Marketing Analytics & Automation
2869264,2022-01-26,IT,Spatial databases,IT Operations,Operating Systems & Servers
2956974,2022-01-26,IT,Kotlin Programming Masterclass 2021,Development,Mobile Development
2997718,2022-01-26,IT,Microsoft Excel: da livello Base a Esperto - Guida Completa,Office Productivity,Spreadsheets
3092324,2022-01-26,IT,Corso per Impiegato Back Office con esempi report Excel,Leadership & Management,Communication
3119028,2022-01-26,IT,Mini-corso di Spagnolo,Personal Development,Language Learning
3138338,2022-01-26,IT,Analisi Commerciale e Reporting Excel,Data Science,Analytics
3145610,2022-01-26,IT,NeuroMarketing e Vendita. Master Class (corso professionale),Marketing,Marketing Strategy
3181176,2022-01-26,IT,Corso di programmazione Javascript,Development,Programming Languages
3182078,2022-01-26,IT,Microsoft Project 2019: dalla A alla Z,Project Management & Operations,Project Management Tools
3284928,2022-01-26,IT,Impara Le Basi del Bitcoin e della Blockchain,Finance & Accounting,Investing & Trading
3322274,2022-01-26,IT,Instagram Marketing 2021 - Il Corso Completo con Certificato,Marketing,Social Media Marketing
3371860,2022-01-26,IT,Corso di Dizione Italiana,Personal Development,Language Learning
3411850,2022-01-26,IT,Impara online l'olandese in olandese 1: la lingua olandese,Personal Development,Language Learning
3411870,2022-01-26,IT,Impara il francese in francese 1: corso di lingua francese,Personal Development,Language Learning
3483798,2022-01-26,IT,Fondamenti di gestione della produzione,Project Management & Operations,Project Management Fundamentals
3509598,2022-01-26,IT,Corso sui KPI in Analisi Commerciale,Leadership & Management,Strategy
3593910,2022-01-26,IT,Corso ActiveCampaign: Email Marketing Automation,Marketing,Marketing Analytics & Automation
3636924,2022-01-26,IT,CyberSecurity awareness per utenti,IT Operations,Network & Security
3696426,2022-01-26,IT,Corso Completo di Inglese: Inglese per Principianti,Personal Development,Language Learning
3710734,2022-01-26,IT,Adobe InDesign CC - il Corso Essenziale ed Efficace,Design,Design Tools
3713964,2022-01-26,IT,Corso di programmazione in C++ 20,Development,Programming Languages
3719884,2022-01-26,IT,PNL per tutti: Programmazione Neuro Linguistica fondamentale,Leadership & Management,Communication
3794026,2022-01-26,IT,PhpStorm master class. Il Miglior IDE php per fullstack dev.,Development,Programming Languages
3820750,2022-01-26,IT,Corso Completo di Spagnolo: Spagnolo per Principianti,Personal Development,Language Learning
3829330,2022-01-26,IT,Creiamo Applicazioni Responsive con Angular Material e RxJS,Development,Web Development
3844202,2022-01-26,IT,Corso di Power Point,Office Productivity,Presentations
3856284,2022-01-26,IT,Diventa un vero PROGRAMMATORE JAVA JUNIOR,Development,Programming Languages
3858188,2022-01-26,IT,Le basi del Social Media Manager,Marketing,Social Media Marketing
3863020,2022-01-26,IT,Corso CISCO CCNA 200 301 + LAB in ITALIANO,IT Operations,Network & Security
3882686,2022-01-26,IT,New PMP Test - Simulazione Esame 2021 in Italiano,Project Management & Operations,Project Management Certifications
3901532,2022-01-26,IT,Leadership e autorevolezza nelle riunioni online.,Leadership & Management,Management
3903878,2022-01-26,IT,VB.NET da zero ai database,IT Operations,Network & Security
3906774,2022-01-26,IT,Corso completo di Cinese (livello base),Personal Development,Language Learning
3916956,2022-01-26,IT,Workshop completo sul Routing tecnologia MikroTik RouterOS,IT Operations,Network & Security
3925694,2022-01-26,IT,Comunicazione Efficace Masterclass : Psicologia e Segreti,Leadership & Management,Communication
3973270,2022-01-26,IT,Comunicare un evento sul Web 2.0,Marketing,Social Media Marketing
3981910,2022-01-26,IT,"Google search, web scraping e trends.L'arte della ricerca.",Development,Web Development
4047288,2022-01-26,IT,Unreal Engine 4 e 5 in C++,Development,Programming Languages
4069482,2022-01-26,IT,valutazione Azionaria,Finance & Accounting,Financial Modeling & Analysis
4075140,2022-01-26,IT,Il tuo primo corso di Spagnolo (livello Base),Personal Development,Language Learning
4116932,2022-01-26,IT,Mindset vincente. Mentalità da leader per ottenere successo,Leadership & Management,Leadership
4131146,2022-01-26,IT,Impariamo da zero la piattaforma cloud di Microsoft Azure,Cloud Computing,Cloud Development
4156402,2022-01-26,IT,Corso Completo su Trading View in Italiano™,Finance & Accounting,Investing & Trading
4183792,2022-01-26,IT,Adobe InDesign CC: impaginare da Zero ad Esperto,Design,Design Tools
4185796,2022-01-26,IT,Sviluppo Web Wordpress: Corso completo con Plugin e Temi,Development,Web Development
4193638,2022-01-26,IT,WordPress pratico: impara oggi a realizzare il tuo Sito Web,Development,Web Development
4207208,2022-01-26,IT,Risk Management,IT Operations,Network & Security
4218092,2022-01-26,IT,Corso COMPLETO di PHP 8 - Masterclass,Development,Programming Languages
4218276,2022-01-26,IT,Email Marketing con AWeber,Marketing,Marketing Strategy
4229596,2022-01-26,IT,Guida base di Docker: configurazione per Php e Laravel 8,Development,Development Tools
4250106,2022-01-26,IT,Gestione del tempo - Fare il triplo nella metà del tempo™,Personal Development,Personal Growth
4262542,2022-01-26,IT,Brand Management - edizione PRO,Marketing,Marketing Strategy
4279360,2022-01-26,IT,Corso pratico di Pandas e Python con esempi per data mining,Data Science,Analytics
4296928,2022-01-26,IT,Introduzione alla Finanza,Finance & Accounting,Finance Fundamentals
4327120,2022-01-26,IT,"Linguaggio C, il corso PREMIUM con esercizi svolti 2022.",Development,Programming Languages
4327324,2022-01-26,IT,10 Hours Italian Course  + 243 audios - Complete Beginners,Personal Development,Language Learning
4329454,2022-01-26,IT,Network Vulnerability Assessment,IT Operations,Network & Security
4343156,2022-01-26,IT,Android Hacking & Pentesting Principianti Completo,IT Operations,Network & Security
4351382,2022-01-26,IT,Eccellenza nella Leadership - Esercizi pratici di leadership,Leadership & Management,Leadership
4351942,2022-01-26,IT,Laravel: La Guida Completa,Development,Web Development
4360470,2022-01-26,IT,Costruisci il tuo sito web con WordPress ed Elementor,Design,Web Design
4380458,2022-01-26,IT,Adobe Dimension CC: il 3D in modo semplice e immediato,Design,3D & Animation
4395448,2022-01-26,IT,Impariamo da zero il framework Spring Batch,Development,Web Development
4395704,2022-01-26,IT,Guida operativa Cryptovalute su Binance. Corso Completo A-Z™,Finance & Accounting,Investing & Trading
4412636,2022-01-26,IT,Corso Inglese Online: Imparare l'Inglese da 0 Senza Sforzo,Personal Development,Language Learning
4432370,2022-01-26,IT,Google Ads PRO 2022: la guida completa dalla A alla Z,Marketing,Paid Advertising
4451520,2022-01-26,IT,PHP 8 per lo Sviluppo di Applicazioni MVC,Development,Programming Languages
3859760,2022-01-31,JP,【続】Microsoft Power BI Desktop- 入門講座 DAX-TABLE FUNC.特訓編 Part2,Data Science,Analytics
4450352,2022-01-31,JP,デザインパターン１：デザインパターンを学ぶ準備とクラス図とファサードパターン,Development,Programming Languages
4335658,2022-01-31,JP,現役YouTuberが教える！iPadだけでプロ級の動画編集をする方法。【LumaFusion】,Design,Design Tools
4098832,2022-01-31,JP,iPadだけで手書きPOPを作る！超人気アプリ「Procreate」の使い方,Design,Design Tools
4131070,2022-01-31,JP,超人気アプリ「Procreate」でオシャレなデジタルアート！iPadでペンギンを描く方法,Design,Design Tools
4176306,2022-01-31,JP,「Affinity Designer」でプロ並みの年賀状を作る！初心者でもカンタン・オシャレなイラストを描く方法,Design,Graphic Design
2840896,2022-01-31,JP,【初心者】Adobe Premiere Pro CCたった1日でオリジナル動画を完成させよう！2021年版,Marketing,Video & Mobile Marketing
3231703,2022-01-31,JP,C#で描画をする方法：自由に線や〇を描いて自前のグラフなどを作る方法,Development,Programming Languages
3529738,2022-01-31,JP,C#でモダンなUIを作る方法：MetroFrameworkを使ってWindowsフォームをオシャレにする,Development,Programming Languages
4066120,2022-01-31,JP,【会計freee】帳簿作成の手順とコツを解説,Finance & Accounting,Accounting Software
3836050,2022-01-31,JP,【初級〜上級】Adobe Illustratorでパッケージデザインをしよう！台紙・トムソン・箱のデータ作成〜入稿まで！,Design,Design Tools
2696910,2022-01-31,JP,"Python 3.8マスター講座!!0から文法、標準ライブラリ、numpy, pandas, SQLAlchemy",Development,Programming Languages
822688,2022-01-31,JP,出版業界へのパスポート Adobe InDesign を使いこなそう。９時間でプロ・クオリティのページ編集テクニック,Design,Graphic Design
3542974,2022-01-31,JP,Shopifyでクライアントのストアを作る人のための講座,Development,Web Development
2642626,2022-01-31,JP,Premiere Pro動画編集で使えるテレビ風テロップデザイン作成テクニック 入門クラス,Marketing,Video & Mobile Marketing
3641338,2022-01-31,JP,Web開発ソフトウェアテスト徹底攻略 (React Hooks/Redux + Django REST API),Development,Software Testing
4393170,2022-01-31,JP,独学者のための統計学基礎講座 「仮説検定と区間推定」,Data Science,Statistical Analysis
2504724,2022-01-31,JP,『Djangoパーフェクトマスター』〜インスタ映えを支えるPython超高速開発Webフレームワークを徹底解説！〜,Development,Web Development
2715642,2022-01-31,JP,"デザイナーのための、はじめてのAdobeスクリプト[Photoshop, After Effects, etc.]",Development,Web Development
4043290,2022-01-31,JP,【Pythonではじめる】ラズベリーパイと電子工作入門,IT Operations,Hardware
3745612,2022-01-31,JP,AfterEffects【脱初心者】シェイプ・アニメーションで作る【6種】のモーショングラフィックス,Design,Design Tools
4345688,2022-01-31,JP,絶対合格！Microsoft AI-900 模擬試験問題 ※日本語対応,IT Operations,IT Certifications
3949878,2022-01-31,JP,【フーリエ変換ことはじめ】フーリエ変換を「使える」ようになろう！,Data Science,Statistical Analysis
4315262,2022-01-31,JP,AWSでDockerを本番運用！AmazonECSを使って低コストでコンテナを運用する実践コース,IT Operations,Operating Systems & Servers
4419820,2022-01-31,JP,【TOEIC®ここで差がつく！リスニング講座】聞き取りにくいイギリス発音を攻略 & PART2の難問で得点力アップ！,Personal Development,Language Learning
4099632,2022-01-31,JP,After Effects【脱初心者】HUD 5種＋2作品【モーショングラフィックス】,Design,Design Tools
2371360,2022-01-31,JP,【PremierePro対応】ゼロから学ぶ映像制作：企画～絵コンテ～撮影～編集まで,Design,Design Tools
2724096,2022-01-31,JP,動画制作スキルを身につけるために！映像の基礎知識編,Design,Design Tools
3314154,2022-01-31,JP,【簿記３級講座_新試験制度完全対応】スライドで視覚的に、Webアプリで学習。たった10時間で日商簿記マスター,Finance & Accounting,Accounting
2700372,2022-01-31,JP,未経験からwebディレクターになる！プロが教える超短期型育成コース：案件獲得～提案～納品までのフローを徹底解説,Design,Web Design
4348868,2022-01-31,JP,エクセルによる確率分布基礎講座,Data Science,Statistical Analysis
4209682,2022-01-31,JP,イメージでわかる線形代数 - 連立方程式と固有値問題 -：社会人になってから学ぶ数学（初級編）,Data Science,Statistical Analysis
4181924,2022-01-31,JP,ノーコード「Bubble」で「Slack」を作ろう | チャットアプリの作り方、データベース設計を学べます,Development,Web Development
2274527,2022-01-31,JP,Unity超簡単！ターン制対戦ゲームが作れる6つのテクニック,Development,Game Development
4177880,2022-01-31,JP,After Effects【脱初心者】VFX入門-【6種】の3Dトラッキング,Design,Design Tools
4259804,2022-01-31,JP,After Effects【脱初心者】6種のパーティクル・アニメーション【モーショングラフィックス】,Design,Design Tools
4365396,2022-01-31,JP,初心者入門 After Effects（アフターエフェクト）モーショングラフィックス基礎講座【14時間フル学習コース】,Design,Design Tools
4324762,2022-01-31,JP,1日2万文字書くプロライター直伝！素早く・わかりやすい文章を書くスピードライティング術【全資料ダウンロード可能】,Marketing,Content Marketing
4314520,2022-01-31,JP,Amazon Lightsail入門 〜AWSで最も安く簡単にLaravel(PHP)サーバー構築を実践しよう！〜,IT Operations,Operating Systems & Servers
4281176,2022-01-31,JP,【2022年最新】超入門ゼロから始める！Fusion初級講座DaVinci Resolve 17モーショングラフィックス,Marketing,Video & Mobile Marketing
4026326,2022-01-31,JP,【データ分析入門（最初の3日）】文系の方や統計・データサイエンスにつまずいた方も実務で使える（考え方とExcel活用）,Data Science,Statistical Analysis
4204828,2022-01-31,JP,"【HTML,CSS,JS,PHP,Git,Docker】✅ プログラミング初心者OK！ ゼロからわかるWebシステム開発",Development,Web Development
4307185,2022-01-31,JP,【フリーランスは特に注意！】いちばんわかりやすい「インボイス制度」の基礎知識,Finance & Accounting,Finance Fundamentals
4196426,2022-01-31,JP,駆け出しエンジニアのためのDocker入門,IT Operations,Operating Systems & Servers
4001826,2022-01-31,JP,7ステップで作るPython x Flask x Pytorch 人工知能Webアプリ開発入門,Data Science,Machine Learning
4254922,2022-01-31,JP,【完全版】Google AppSheet Automationマスター講座|業務プロセスをノーコードで自動化しよう,Office Productivity,Email & Productivity
3729896,2022-01-31,JP,外交官通訳経験者の英会話｜30日で英語が話せる！英語力ゼロから【シート1枚だけ】で夢を叶えて人生が変わる英文法｜シート付,Personal Development,Language Learning
3074830,2022-01-31,JP,【人事・面接官向け】初めての面接講座 − シリコンバレーで活用される、”科学的”な見極め・惹きつけ術,Workplace & Human Resources,Human Resources Fundamentals
1450224,2022-01-31,JP,半歩踏み出してみない？心理カウンセラーが教える夢を実現するための自分スタイルの目標設定と行動のつくり方講座,Leadership & Management,Strategy
2591232,2022-01-31,JP,【続】Microsoft - Excel Power Pivot 入門講座 ～Power Query Editor編～,Data Science,Analytics
4105636,2022-01-31,JP,【作って学ぶ】laravel8とMySQLで作るシンプルメモアプリ,Development,Web Development
4230890,2022-01-31,JP,Microsoft Access 基礎マスターコース【実務に活かせるデータ集計力が身に付く】,Data Science,Analytics
4177280,2022-01-31,JP,【RPA】 Power Automate Desktop 超入門：すぐ使える業務効率化アプリを作成する方法,Office Productivity,Collaboration
2680670,2022-01-31,JP,外資系企業 で実際に行われた エクセル を使った３つの アドホック分析,Data Science,Analytics
2718372,2022-01-31,JP,Microsoft Excel Visualization - エクセル による グラフ作成 この時はこのグラフを使え！,Data Science,Data Visualization
4032798,2022-01-31,JP,AIエンジニアが教えるRとtidymodelsによる機械学習と予測モデリング,Data Science,Data Visualization
4226888,2022-01-31,JP,はじめてのクラウド入門- ビジネスパーソンがクラウドコンピューティングの基本を学び、ビジネスへの活用方法を知る,Cloud Computing,Cloud Fundamentals
3442708,2022-01-31,JP,Power Pivot Zero,Data Science,Analytics
2435494,2022-01-31,JP,Google フォーム徹底解説！効率的なアンケート作成・自動集計をマスター,Office Productivity,Collaboration
3103220,2022-01-31,JP,新人工知能シリーズNeural Knowledge™理論講座① ～現代の人工知能の課題とその解決策～,Data Science,Machine Learning
4225420,2022-01-31,JP,【マクロで自動化】大量の Excel シート、ファイルを作成＆集計する VBA マスターコース,Office Productivity,Spreadsheets
2573104,2022-01-31,JP,Pythonによるウェブスクレイピング（Python Web Scraping）,Development,Web Development
4219726,2022-01-31,JP,【初学者向け】データマネジメント入門！DX推進やAI 導入を支える重要な要素をDMBOKに沿ってみていこう！,IT Operations,Database Administration
4276816,2022-01-31,JP,リモートワークで通用する!! 上司を100%説得する 質疑応答の極意,Leadership & Management,Communication
1159512,2022-01-31,JP,直感的にわかる！電気回路/電子回路の基礎を学ぼう,IT Operations,Hardware
4256744,2022-01-31,JP,ITパスポート 模擬試験問題集(6回240問),IT Operations,IT Certifications
4370388,2022-01-31,KR,【글로벌 Best】 Blockchain A-Z™: 블록체인 만들기 완벽 강의 (한글자막),Development,Software Engineering
4452634,2022-01-31,KR,한번에 완벽 마스터!  2021 연말정산 실무,Finance & Accounting,Finance Fundamentals
4418756,2022-01-31,KR,누구나 쉽게 디지털 드로잉 기초 배워보기,Design,Design Tools
4416920,2022-01-31,KR,예능처럼 재미있는 진짜 재테크,Finance & Accounting,Finance Fundamentals
4462286,2022-01-31,KR,"영업 초고수들에게 배우는, 세일즈 필살전략",Sales,Sales Skills & Tools
4457190,2022-01-31,KR,고객의 지갑을 여는 설득언어,Sales,Sales Skills & Tools
4443866,2022-01-31,KR,정확한 전달로 구현하는 비즈니스 커뮤니케이션,Leadership & Management,Communication
4466018,2022-01-31,KR,"바이든 4년, 세계경제 미래를 읽다",Finance & Accounting,Investing & Trading
4465940,2022-01-31,KR,영업왕 (The King Of Sales),Sales,Sales Skills & Tools
4371916,2022-01-31,KR,"영업(세일즈)의 A와 Z, 어프로치와 소개요청",Sales,Sales Skills & Tools
4367336,2022-01-19,KR,【글로벌 Best】 Python 부트캠프 : 100개의 프로젝트로 Pyt,Development,Programming Languages
4305113,2022-01-19,KR,【글로벌 Best】 JavaScript 알고리즘 & 자료구조 마스터클래스,Development,Software Engineering
4427238,2022-01-19,KR,Flutter Provider Essential 코스 (Korean),Development,Mobile Development
4348434,2022-01-19,KR,쉽게 이해되며 깔끔한 표현의 비즈니스 문서 만들기,Office Productivity,Presentations
4436594,2022-01-19,KR,안드로이드 앱개발 부트캠프,Development,Mobile Development
4290980,2022-01-19,KR,【글로벌 Best】 C#과 Unity로 3D 게임 개발하기(한글자막),Development,Game Development
4437560,2022-01-19,KR,간단한 게임을 만들면서 시작하는 iOS 개발,Development,Mobile Development
4362708,2022-01-19,KR,【글로벌 Best】 데이터 역량 강화를 위한 SQL 부트캠프 2022(한,IT Operations,Operating Systems & Servers
4382504,2022-01-19,KR,【글로벌 Best】 Python : 통계 분석을 위한 파이썬 (한글자막),Data Science,Statistical Analysis
4263706,2022-01-19,KR,감탄육아 스텝 1 -> 바꿔볼 표현들 / 더해볼 표현들,Personal Development,Life Skills
2369866,2022-01-19,KR,김수영스쿨 4강 - 인간관계와 멘탈관리,Personal Development,Personal Growth
1681890,2022-01-19,KR,A 10 hour ASP.NET CORE Course in Korean,Development,Programming Languages
4389576,2022-01-19,KR,【글로벌 Best】 AWS Certified Solutions Archi,Cloud Computing,Cloud Certification
1760342,2022-01-19,KR,OpenCV + Webapp,Data Science,Machine Learning
4362706,2022-01-19,KR,【글로벌 Best】 Python 완벽 부트캠프 2022 : 파이썬 초보자,Development,Programming Languages
4366820,2022-01-19,KR,【글로벌 Best】 R 프로그래밍 A-Z™: 직접 코딩하며 배우는 R 프,Development,Programming Languages
4250582,2022-01-19,KR,【글로벌 Best】 완벽한 Presentation 스킬 강의: 15시간,Leadership & Management,Communication
4219940,2022-01-19,KR,애착의 심리학,Personal Development,Life Skills
4398694,2022-01-19,KR,【글로벌 Best】 Android 12 및 Kotlin 개발 완전 정복,Development,Mobile Development
4251162,2022-01-19,KR,현대적인 미국 영어 속어 Modern American English Sl,Personal Development,Language Learning
4290978,2022-01-19,KR,【글로벌 Best】 언리얼 C++ 멀티플레이어 마스터 : 중급 게임 개발,Development,Game Development
4192266,2022-01-19,KR,[145시간 분량 강의 제공] Java 기초에서 실무까지 완전정복,Development,Programming Languages
4276634,2022-01-19,KR,뉴노멀 리더십 트렌드,Leadership & Management,Leadership
4441514,2022-01-19,KR,HRDIST의 리더가 알아야 할 성과관리 핵심 스킬,Workplace & Human Resources,Human Resources Fundamentals
4254666,2022-01-19,KR,【글로벌 Best】 업무 효율을 극대화할 수 있는 핵심 Excel 활용법,Office Productivity,Spreadsheets
4389560,2022-01-19,KR,【글로벌 Best】 AWS Certified Developer Assoc,Cloud Computing,Cloud Development
4395242,2022-01-19,KR,【글로벌 Best】 비즈니스 를 위한 Data Science : 6개의,Data Science,Big Data
4370278,2022-01-19,KR,신입사원 패키지,Leadership & Management,Management
4400040,2022-01-19,KR,【글로벌 Best】 초보자를 위한 Kubernetes 완벽강의 : 구글,Development,Development Tools
4371488,2022-01-19,KR,【글로벌 Best】 TensorFlow 2.0 : 딥러닝 모델 구현 마스,Data Science,Big Data
4409108,2022-01-19,KR,【글로벌 Best】 Python 및 Binance API 를 사용한 가상,Finance & Accounting,Investing & Trading
4393372,2022-01-19,KR,【글로벌 Best】 Machine Learning 실전 개발 | 8개의,Data Science,Machine Learning
4389604,2022-01-19,KR,【글로벌 Best】 AWS Certified Cloud 전문가 시험 합격,Cloud Computing,Cloud Development
4371960,2022-01-19,KR,성과급과 인센티브 시스템,Workplace & Human Resources,Human Resources Fundamentals
4370304,2022-01-19,KR,비즈니스 프레임워크 패키지,Data Science,Analytics
4382720,2022-01-19,KR,【글로벌 Best】 하루만에 AZ-900 Microsoft Azure F,IT Operations,IT Certifications
4370428,2022-01-19,KR,OKR 성과관리법,Workplace & Human Resources,Human Resources Fundamentals
4433928,2022-01-19,KR,【글로벌 Best】 Udemy 완벽 마스터: 성공적인 온라인 강의 만들기,Personal Development,Entrepreneurship
4250576,2022-01-19,KR,【글로벌 Best】 Cryptocurrency 완벽 강의: 암호화폐 및,Finance & Accounting,Investing & Trading
4383492,2022-01-19,KR,【글로벌 Best】 성공적인 조직 및 기업을 위한 ITSM 측정 및 지표,IT Operations,Network & Security
4415588,2022-01-19,KR,【글로벌 Best】 산업 적용 사례와 함께 하는 Blockchain 입문,Development,Software Engineering
4250574,2022-01-19,KR,【글로벌 Best】 사업계획서 완성하기 : 50개의 사업계획서 양식 포함,Personal Development,Entrepreneurship
4366822,2022-01-19,KR,【글로벌 Best】 R 프로그래밍: Data Science 에서의 R 고,Development,Programming Languages
4366826,2022-01-19,KR,【글로벌 Best】 Python 의 모든 것: 실전 문제로 배우는 파이썬,Development,Programming Languages
4415590,2022-01-19,KR,【글로벌 Best】 Machine Learning 완벽 실습 : 6가지,Data Science,Machine Learning
4382730,2022-01-19,KR,【글로벌 Best】 DP-200 Azure 데이터 시험 : 하루만에 완벽,IT Operations,IT Certifications
4382742,2022-01-19,KR,【글로벌 Best】 SC-900: Microsoft Security Fu,IT Operations,IT Certifications
4431242,2022-01-19,KR,코딩 초보자를 위한 파이썬(Python) 입문(Beginner),Development,Programming Languages
4390366,2022-01-19,KR,【글로벌 Best】 PMI-ACP 시험 합격을 위한 모든 것 (한글자막),Project Management & Operations,Project Management Certifications
4400036,2022-01-19,KR,【글로벌 Best】 초보자를 위한 Python 3 프로그래밍 (한글 자막,Development,Programming Languages
4413198,2022-01-19,KR,【글로벌 Best】 초보자를 위한 AWS SageMaker 실습 | 6개,Cloud Computing,Cloud Development
4250578,2022-01-19,KR,【글로벌 Best】 업무 위임을 통해 조직 및 팀 관리하기 (그리고 목표,Leadership & Management,Management
4390364,2022-01-19,KR,【글로벌 Best】 PMP PMBOK 6 모의고사 완벽 대비: PMP 응,Project Management & Operations,Project Management Certifications
4400024,2022-01-19,KR,【글로벌 Best】  완전 초보자를 위한 Java 프로그래밍 : 단기간에,Development,Programming Languages
4382746,2022-01-19,KR,【글로벌 Best】 SC-300 Microsoft ID 및 액세스 관리자,IT Operations,IT Certifications
4382736,2022-01-19,KR,【글로벌 Best】 AI-102 Microsoft Azure AI 솔루션,IT Operations,IT Certifications
4383490,2022-01-19,KR,【글로벌 Best】 ITIL 4를 통한 서비스 관리 기초 강의 (한글자막,IT Operations,IT Certifications
4382734,2022-01-19,KR,【글로벌 Best】 DP-900 Azure Data Fundamental,IT Operations,IT Certifications
4382724,2022-01-19,KR,【글로벌 Best】 AZ-900: Microsoft Azure Funda,IT Operations,IT Certifications
3978660,2022-01-19,KR,모두의 일러스트레이터 CC,Design,Design Tools
4431412,2022-01-19,KR,혼자배우는 자바스크립트: 기본부터 포트폴리오까지 한번에 끝내기,Development,Programming Languages
4185774,2022-01-19,KR,JSP 기초에서 실무까지 완전정복,Development,Web Development
2886252,2022-01-19,KR,아빠가 들려주는 Rshiny 뚝딱 만들기,Development,Web Development
4187812,2022-01-19,KR,빅데이터 활용을 위한 R프로그래밍 한 번에 끝내기,Development,Programming Languages
4197914,2022-01-19,KR,"기초부터 심화까지 한번에 해결하는 자바스크립트, jQuery",Development,Programming Languages
4400472,2022-01-19,KR,【글로벌 Best】 C# Unity 게임 개발자 2D (한글자막),Development,Game Development
4405668,2022-01-19,KR,【글로벌 Best】 Deep Reinforcement Learning :,Data Science,Machine Learning
4395212,2022-01-19,KR,【글로벌 Best】 현대 인공지능 (AI) 마스터 클래스 : 6개의 프로,Data Science,Machine Learning
4415582,2022-01-19,KR,【글로벌 Best】 비즈니스 분석 및 Data Science 를 위한 핵,Data Science,Statistical Analysis
4413166,2022-01-19,KR,【글로벌 Best】 Machine Learning 라이브러리 수학적 기초,Data Science,Machine Learning
4382744,2022-01-19,KR,【글로벌 Best】 2021년 AZ-700 설계 및 구현 Azure 네트,IT Operations,IT Certifications
4420500,2022-01-19,KR,【글로벌 Best】 DevOps 학습: 파이프라인 및 Docker를 이용,Development,Development Tools
4390362,2022-01-19,KR,【글로벌 Best】 PMP 수학 준비 - PMP 수학과 공식들 (한글 자,Project Management & Operations,Project Management Certifications
4370390,2022-01-19,KR,【글로벌 Best】 Deep Learning 과 자연어 처리 (NLP),Development,Web Development
4393358,2022-01-19,KR,【글로벌 Best】 재무 분석을 위한 Python 및 Machine Le,Data Science,Machine Learning
4395218,2022-01-19,KR,【글로벌 Best】 기초부터 배우는 Python 인공 신경망 : 완벽가이,Data Science,Machine Learning
4409106,2022-01-19,KR,【글로벌 Best】 알고리즘 거래와 투자의 기술적 분석 with Pyth,Development,Programming Languages
4371516,2022-01-19,KR,【글로벌 Best】 Python 을 사용하여 직접 데이터 시각화 하기 (,Data Science,Data Visualization
4393360,2022-01-19,KR,【글로벌 Best】 Pandas 및 Python 을 이용한 데이터 분석,Data Science,Analytics
4371498,2022-01-19,KR,【글로벌 Best】 No 코드 머신 러닝 : Modern ML 도구에 대,Data Science,Machine Learning
4382740,2022-01-19,KR,【글로벌 Best】 DP-100 마이크로소프트 Azure 데이터 과학자,IT Operations,IT Certifications
4382718,2022-01-19,KR,【글로벌 Best】 Azure Functions 및 Logic Apps,Cloud Computing,Cloud Development
4382738,2022-01-19,KR,【글로벌 Best】 AI-900 Fundamentals 시험 준비 : 하,IT Operations,IT Certifications
4395276,2022-01-19,KR,【글로벌 Best】 CISCO CCNA 랩 : 실제 및 가상 옵션들 (한,IT Operations,Network & Security
944750,2022-01-27,PT,Introdução à lógica & raciocínio crítico,Personal Development,Personal Growth
2800672,2022-01-27,PT,Inteligência de Mercado e KPIs na Tomada de Decisão,Project Management & Operations,Project Management Tools
2809249,2022-01-27,PT,KPI - Indicadores de Desempenho,Project Management & Operations,Project Management Tools
2035958,2022-01-27,PT,Estatística Descritiva com Python,Development,Web Development
1431254,2022-01-27,PT,Big Data - Processamento de dados com Spark e PySpark,Data Science,Big Data
1716180,2022-01-27,PT,PNL - Practitioner em Programação Neurolinguística,Personal Development,Personal Growth
1975332,2022-01-27,PT,PNL Programação Neurolinguística (Cert. básico ao avançado),Personal Development,Personal Growth
1668212,2022-01-25,PT,Curso de ASP .NET Core MVC - Criando um Site do Zero (NET 6),Development,Web Development
4274084,2022-01-11,PT,"Domine Apache Kafka, Fundamentos e Aplicações Reais [2022]",Data Science,Big Data
2456404,2022-01-10,PT,SEO na prática - Como otimizar e criar um projeto de SEO?,Marketing,Search Engine Optimization
2164940,2022-01-10,PT,Licitações para Obras e Serviços de Engenharia [RECOMENDADO],Project Management & Operations,Operations Management
4274514,2022-01-06,PT,"Curso de RH: Diversidade, Inclusão e Viés Inconsciente",Workplace & Human Resources,Talent Management
2955494,2022-01-06,PT,Master DAX - Power BI orientado a projeto.,Data Science,Data Visualization
4362774,2022-01-06,PT,OKR na Prática | O Guia Completo + 3 Cursos Extras,Leadership & Management,Strategy
3406806,2022-01-06,PT,Aprenda o Windows 10 do Zero,IT Operations,Operating Systems & Servers
3252434,2022-01-03,PT,DevOps na Prática: Criando uma Pipeline do Zero,Development,Web Development
3597512,2022-01-03,PT,OutSystems Reactive para Iniciantes,Development,Programming Languages
3858100,2022-01-25,TR,Borsa ve Kripto Eğitimi 3 | Eğitim Tekrarı+Örnekler+Strateji,Finance & Accounting,Investing & Trading
3242032,2022-01-25,TR,Borsa Eğitimi 4 | Temel Analiz (Şirket/Bilanço İnceleme),Finance & Accounting,Investing & Trading